1.000000000000000000e+00,9.680164112331910431e-01,9.550006423353839535e-01,7.955805849735604340e-01,9.640501157735407167e-01,9.521735397751668328e-01,9.680182054207955300e-01,9.343434105215926433e-01,7.903833969631189893e-01,9.432660560534832372e-01,9.477086473996514382e-01,0.000000000000000000e+00,0.000000000000000000e+00,0.000000000000000000e+00,0.000000000000000000e+00,0.000000000000000000e+00,0.000000000000000000e+00,0.000000000000000000e+00,0.000000000000000000e+00,0.000000000000000000e+00,0.000000000000000000e+00,0.000000000000000000e+00,0.000000000000000000e+00,0.000000000000000000e+00,0.000000000000000000e+00,0.000000000000000000e+00,0.000000000000000000e+00,8.230198112932219923e-01,0.000000000000000000e+00,0.000000000000000000e+00,7.988970217028549259e-01,8.182624007757816065e-01,0.000000000000000000e+00,0.000000000000000000e+00,8.042638279569063187e-01,0.000000000000000000e+00,0.000000000000000000e+00,0.000000000000000000e+00,0.000000000000000000e+00,0.000000000000000000e+00,0.000000000000000000e+00,0.000000000000000000e+00,0.000000000000000000e+00,0.000000000000000000e+00,0.000000000000000000e+00,0.000000000000000000e+00,0.000000000000000000e+00,0.000000000000000000e+00,0.000000000000000000e+00
9.680164112331910431e-01,1.000000000000000000e+00,9.613577288725266845e-01,8.187222987533000484e-01,9.783447482119452809e-01,9.604595019649287968e-01,9.722166650160205537e-01,9.452927857103327058e-01,8.255179748344331214e-01,9.550824925136149890e-01,9.265995090966612224e-01,0.000000000000000000e+00,0.000000000000000000e+00,0.000000000000000000e+00,8.442990291179401918e-01,0.000000000000000000e+00,0.000000000000000000e+00,0.000000000000000000e+00,0.000000000000000000e+00,0.000000000000000000e+00,0.000000000000000000e+00,0.000000000000000000e+00,0.000000000000000000e+00,0.000000000000000000e+00,0.000000000000000000e+00,0.000000000000000000e+00,0.000000000000000000e+00,8.677133197249589092e-01,0.000000000000000000e+00,0.000000000000000000e+00,8.216187701840853563e-01,8.125683743504156231e-01,0.000000000000000000e+00,0.000000000000000000e+00,0.000000000000000000e+00,0.000000000000000000e+00,0.000000000000000000e+00,0.000000000000000000e+00,0.000000000000000000e+00,0.000000000000000000e+00,0.000000000000000000e+00,0.000000000000000000e+00,0.000000000000000000e+00,0.000000000000000000e+00,0.000000000000000000e+00,0.000000000000000000e+00,0.000000000000000000e+00,0.000000000000000000e+00,0.000000000000000000e+00
9.550006423353839535e-01,9.613577288725266845e-01,1.000000000000000000e+00,7.727105561504301612e-01,9.691865035804553274e-01,9.588807699909051019e-01,9.383646899409648912e-01,9.307450199476654529e-01,7.838090371323107597e-01,9.098074237929494323e-01,8.876982378031219589e-01,0.000000000000000000e+00,0.000000000000000000e+00,0.000000000000000000e+00,7.825624906246880785e-01,0.000000000000000000e+00,0.000000000000000000e+00,0.000000000000000000e+00,0.000000000000000000e+00,0.000000000000000000e+00,0.000000000000000000e+00,0.000000000000000000e+00,0.000000000000000000e+00,0.000000000000000000e+00,0.000000000000000000e+00,0.000000000000000000e+00,0.000000000000000000e+00,8.163120441548706863e-01,0.000000000000000000e+00,0.000000000000000000e+00,7.640039073276739812e-01,0.000000000000000000e+00,0.000000000000000000e+00,0.000000000000000000e+00,0.000000000000000000e+00,7.363823013378798521e-01,0.000000000000000000e+00,0.000000000000000000e+00,0.000000000000000000e+00,0.000000000000000000e+00,0.000000000000000000e+00,0.000000000000000000e+00,0.000000000000000000e+00,0.000000000000000000e+00,0.000000000000000000e+00,0.000000000000000000e+00,0.000000000000000000e+00,0.000000000000000000e+00,0.000000000000000000e+00
7.955805849735604340e-01,8.187222987533000484e-01,7.727105561504301612e-01,1.000000000000000000e+00,8.327216225414226791e-01,7.879558208989041468e-01,7.719780171489406539e-01,0.000000000000000000e+00,0.000000000000000000e+00,7.973086436896411611e-01,7.789984498106318211e-01,0.000000000000000000e+00,0.000000000000000000e+00,0.000000000000000000e+00,8.817054614029066206e-01,0.000000000000000000e+00,0.000000000000000000e+00,0.000000000000000000e+00,0.000000000000000000e+00,0.000000000000000000e+00,0.000000000000000000e+00,0.000000000000000000e+00,0.000000000000000000e+00,0.000000000000000000e+00,0.000000000000000000e+00,0.000000000000000000e+00,0.000000000000000000e+00,8.591040533775107235e-01,0.000000000000000000e+00,0.000000000000000000e+00,8.146200716085391091e-01,7.531635135517645852e-01,0.000000000000000000e+00,0.000000000000000000e+00,7.768621306946075222e-01,7.591591596863583868e-01,0.000000000000000000e+00,0.000000000000000000e+00,0.000000000000000000e+00,0.000000000000000000e+00,0.000000000000000000e+00,0.000000000000000000e+00,0.000000000000000000e+00,0.000000000000000000e+00,0.000000000000000000e+00,0.000000000000000000e+00,0.000000000000000000e+00,0.000000000000000000e+00,0.000000000000000000e+00
9.640501157735407167e-01,9.783447482119452809e-01,9.691865035804553274e-01,8.327216225414226791e-01,1.000000000000000000e+00,9.634508733340266806e-01,9.548452969901859433e-01,9.500278881138086717e-01,8.162176335811447414e-01,9.511811710742498205e-01,9.204587372188619554e-01,0.000000000000000000e+00,0.000000000000000000e+00,0.000000000000000000e+00,8.212488360463578996e-01,0.000000000000000000e+00,0.000000000000000000e+00,0.000000000000000000e+00,0.000000000000000000e+00,0.000000000000000000e+00,0.000000000000000000e+00,0.000000000000000000e+00,0.000000000000000000e+00,0.000000000000000000e+00,0.000000000000000000e+00,0.000000000000000000e+00,0.000000000000000000e+00,8.481997952060007506e-01,0.000000000000000000e+00,0.000000000000000000e+00,7.961074543662376435e-01,7.777138890380822511e-01,0.000000000000000000e+00,0.000000000000000000e+00,0.000000000000000000e+00,0.000000000000000000e+00,0.000000000000000000e+00,0.000000000000000000e+00,0.000000000000000000e+00,0.000000000000000000e+00,0.000000000000000000e+00,0.000000000000000000e+00,0.000000000000000000e+00,0.000000000000000000e+00,0.000000000000000000e+00,0.000000000000000000e+00,0.000000000000000000e+00,0.000000000000000000e+00,0.000000000000000000e+00
9.521735397751668328e-01,9.604595019649287968e-01,9.588807699909051019e-01,0.000000000000000000e+00,9.634508733340266806e-01,9.999999999999998890e-01,9.516295869292242804e-01,9.129742018173601092e-01,8.484143347156816173e-01,9.455638461532663852e-01,9.315889639279305579e-01,0.000000000000000000e+00,0.000000000000000000e+00,0.000000000000000000e+00,8.114114981668819615e-01,0.000000000000000000e+00,0.000000000000000000e+00,0.000000000000000000e+00,0.000000000000000000e+00,0.000000000000000000e+00,0.000000000000000000e+00,0.000000000000000000e+00,0.000000000000000000e+00,0.000000000000000000e+00,0.000000000000000000e+00,0.000000000000000000e+00,0.000000000000000000e+00,8.729625486614859264e-01,0.000000000000000000e+00,0.000000000000000000e+00,8.254814075000564966e-01,8.121818962144894405e-01,0.000000000000000000e+00,0.000000000000000000e+00,0.000000000000000000e+00,8.029342705922896117e-01,0.000000000000000000e+00,0.000000000000000000e+00,0.000000000000000000e+00,0.000000000000000000e+00,0.000000000000000000e+00,0.000000000000000000e+00,0.000000000000000000e+00,0.000000000000000000e+00,0.000000000000000000e+00,0.000000000000000000e+00,0.000000000000000000e+00,0.000000000000000000e+00,0.000000000000000000e+00
9.680182054207955300e-01,9.722166650160205537e-01,9.383646899409648912e-01,0.000000000000000000e+00,9.548452969901859433e-01,9.516295869292242804e-01,9.999999999999997780e-01,9.482783864545658581e-01,8.245393201784191328e-01,9.691428470721245025e-01,9.440226736579627742e-01,0.000000000000000000e+00,0.000000000000000000e+00,0.000000000000000000e+00,0.000000000000000000e+00,0.000000000000000000e+00,0.000000000000000000e+00,0.000000000000000000e+00,0.000000000000000000e+00,0.000000000000000000e+00,0.000000000000000000e+00,0.000000000000000000e+00,0.000000000000000000e+00,0.000000000000000000e+00,0.000000000000000000e+00,0.000000000000000000e+00,0.000000000000000000e+00,8.231027046100659605e-01,0.000000000000000000e+00,0.000000000000000000e+00,8.137658456914301786e-01,8.334544858012142843e-01,0.000000000000000000e+00,0.000000000000000000e+00,8.176501372741719065e-01,8.058095349097490478e-01,0.000000000000000000e+00,0.000000000000000000e+00,0.000000000000000000e+00,0.000000000000000000e+00,0.000000000000000000e+00,0.000000000000000000e+00,0.000000000000000000e+00,0.000000000000000000e+00,0.000000000000000000e+00,0.000000000000000000e+00,0.000000000000000000e+00,0.000000000000000000e+00,0.000000000000000000e+00
9.343434105215926433e-01,9.452927857103327058e-01,9.307450199476654529e-01,7.389073045583685051e-01,9.500278881138086717e-01,9.129742018173601092e-01,9.482783864545658581e-01,9.999999999999996669e-01,7.510902255720046661e-01,9.474428407798790586e-01,8.653062419209629486e-01,0.000000000000000000e+00,0.000000000000000000e+00,0.000000000000000000e+00,7.305748799189003551e-01,7.634703892219782961e-01,0.000000000000000000e+00,0.000000000000000000e+00,0.000000000000000000e+00,0.000000000000000000e+00,0.000000000000000000e+00,0.000000000000000000e+00,0.000000000000000000e+00,0.000000000000000000e+00,0.000000000000000000e+00,0.000000000000000000e+00,0.000000000000000000e+00,7.430300697911318419e-01,0.000000000000000000e+00,0.000000000000000000e+00,0.000000000000000000e+00,0.000000000000000000e+00,0.000000000000000000e+00,0.000000000000000000e+00,7.263492598616174689e-01,0.000000000000000000e+00,0.000000000000000000e+00,0.000000000000000000e+00,0.000000000000000000e+00,0.000000000000000000e+00,0.000000000000000000e+00,0.000000000000000000e+00,0.000000000000000000e+00,0.000000000000000000e+00,0.000000000000000000e+00,0.000000000000000000e+00,0.000000000000000000e+00,0.000000000000000000e+00,0.000000000000000000e+00
7.903833969631189893e-01,8.255179748344331214e-01,7.838090371323107597e-01,0.000000000000000000e+00,8.162176335811447414e-01,8.484143347156816173e-01,8.245393201784191328e-01,7.510902255720046661e-01,1.000000000000000000e+00,8.204312223504993673e-01,8.653400830697429713e-01,0.000000000000000000e+00,0.000000000000000000e+00,0.000000000000000000e+00,0.000000000000000000e+00,7.653390090757197228e-01,0.000000000000000000e+00,0.000000000000000000e+00,0.000000000000000000e+00,0.000000000000000000e+00,0.000000000000000000e+00,0.000000000000000000e+00,0.000000000000000000e+00,0.000000000000000000e+00,0.000000000000000000e+00,0.000000000000000000e+00,0.000000000000000000e+00,7.843735130130239375e-01,0.000000000000000000e+00,0.000000000000000000e+00,7.387486708851588313e-01,7.382832514461017404e-01,0.000000000000000000e+00,0.000000000000000000e+00,0.000000000000000000e+00,0.000000000000000000e+00,0.000000000000000000e+00,7.427385118125247043e-01,0.000000000000000000e+00,0.000000000000000000e+00,0.000000000000000000e+00,0.000000000000000000e+00,0.000000000000000000e+00,0.000000000000000000e+00,0.000000000000000000e+00,0.000000000000000000e+00,0.000000000000000000e+00,0.000000000000000000e+00,0.000000000000000000e+00
9.432660560534832372e-01,9.550824925136149890e-01,9.098074237929494323e-01,7.973086436896411611e-01,9.511811710742498205e-01,9.455638461532663852e-01,9.691428470721245025e-01,9.474428407798790586e-01,8.204312223504993673e-01,9.999999999999992228e-01,9.414425054133668258e-01,0.000000000000000000e+00,0.000000000000000000e+00,0.000000000000000000e+00,0.000000000000000000e+00,0.000000000000000000e+00,0.000000000000000000e+00,0.000000000000000000e+00,0.000000000000000000e+00,0.000000000000000000e+00,0.000000000000000000e+00,0.000000000000000000e+00,0.000000000000000000e+00,0.000000000000000000e+00,0.000000000000000000e+00,0.000000000000000000e+00,0.000000000000000000e+00,8.190623190158115019e-01,0.000000000000000000e+00,0.000000000000000000e+00,7.991121637967234514e-01,8.325159971137339188e-01,0.000000000000000000e+00,0.000000000000000000e+00,8.112927865879164813e-01,0.000000000000000000e+00,0.000000000000000000e+00,0.000000000000000000e+00,0.000000000000000000e+00,0.000000000000000000e+00,0.000000000000000000e+00,0.000000000000000000e+00,0.000000000000000000e+00,0.000000000000000000e+00,0.000000000000000000e+00,0.000000000000000000e+00,0.000000000000000000e+00,0.000000000000000000e+00,0.000000000000000000e+00
9.477086473996514382e-01,9.265995090966612224e-01,8.876982378031219589e-01,0.000000000000000000e+00,9.204587372188619554e-01,9.315889639279305579e-01,9.440226736579627742e-01,8.653062419209629486e-01,8.653400830697429713e-01,9.414425054133668258e-01,9.999999999999992228e-01,0.000000000000000000e+00,0.000000000000000000e+00,0.000000000000000000e+00,0.000000000000000000e+00,0.000000000000000000e+00,0.000000000000000000e+00,0.000000000000000000e+00,0.000000000000000000e+00,0.000000000000000000e+00,0.000000000000000000e+00,0.000000000000000000e+00,0.000000000000000000e+00,0.000000000000000000e+00,0.000000000000000000e+00,0.000000000000000000e+00,0.000000000000000000e+00,8.149302821079047465e-01,0.000000000000000000e+00,0.000000000000000000e+00,8.082627288846118141e-01,8.742401705350074659e-01,0.000000000000000000e+00,0.000000000000000000e+00,8.160819781041670495e-01,7.973990865731797051e-01,0.000000000000000000e+00,0.000000000000000000e+00,0.000000000000000000e+00,0.000000000000000000e+00,0.000000000000000000e+00,0.000000000000000000e+00,0.000000000000000000e+00,0.000000000000000000e+00,0.000000000000000000e+00,0.000000000000000000e+00,0.000000000000000000e+00,0.000000000000000000e+00,0.000000000000000000e+00
4.948011696931000625e-01,4.603186659387052959e-01,5.552599749986179001e-01,0.000000000000000000e+00,5.105816814726081843e-01,4.696182048922783459e-01,4.812528961162578778e-01,5.938250545096084299e-01,3.418750489633390899e-01,4.710388286729728646e-01,4.046231989665622919e-01,9.999999999999997780e-01,7.931313525078182991e-01,6.089119237478424207e-01,0.000000000000000000e+00,3.742395702278185077e-01,4.416265853008891629e-01,0.000000000000000000e+00,0.000000000000000000e+00,0.000000000000000000e+00,0.000000000000000000e+00,0.000000000000000000e+00,0.000000000000000000e+00,0.000000000000000000e+00,0.000000000000000000e+00,0.000000000000000000e+00,0.000000000000000000e+00,0.000000000000000000e+00,0.000000000000000000e+00,0.000000000000000000e+00,0.000000000000000000e+00,0.000000000000000000e+00,0.000000000000000000e+00,0.000000000000000000e+00,0.000000000000000000e+00,0.000000000000000000e+00,0.000000000000000000e+00,0.000000000000000000e+00,0.000000000000000000e+00,0.000000000000000000e+00,0.000000000000000000e+00,0.000000000000000000e+00,0.000000000000000000e+00,0.000000000000000000e+00,0.000000000000000000e+00,0.000000000000000000e+00,0.000000000000000000e+00,0.000000000000000000e+00,0.000000000000000000e+00
5.596319745815964142e-01,5.369793831303681930e-01,6.242920003803232865e-01,0.000000000000000000e+00,5.964991486770933049e-01,5.426993499398318210e-01,5.611680981233446719e-01,6.792281735129337417e-01,4.001167511603246352e-01,5.516096458125000490e-01,4.854330148205496798e-01,7.931313525078182991e-01,1.000000000000000000e+00,6.265027586342780674e-01,0.000000000000000000e+00,4.834494049742434907e-01,5.238108421202003484e-01,0.000000000000000000e+00,0.000000000000000000e+00,0.000000000000000000e+00,0.000000000000000000e+00,0.000000000000000000e+00,0.000000000000000000e+00,0.000000000000000000e+00,0.000000000000000000e+00,0.000000000000000000e+00,0.000000000000000000e+00,0.000000000000000000e+00,0.000000000000000000e+00,0.000000000000000000e+00,0.000000000000000000e+00,0.000000000000000000e+00,0.000000000000000000e+00,0.000000000000000000e+00,0.000000000000000000e+00,0.000000000000000000e+00,0.000000000000000000e+00,0.000000000000000000e+00,0.000000000000000000e+00,0.000000000000000000e+00,0.000000000000000000e+00,0.000000000000000000e+00,0.000000000000000000e+00,0.000000000000000000e+00,0.000000000000000000e+00,0.000000000000000000e+00,0.000000000000000000e+00,0.000000000000000000e+00,0.000000000000000000e+00
0.000000000000000000e+00,0.000000000000000000e+00,4.693599004761128679e-01,0.000000000000000000e+00,0.000000000000000000e+00,0.000000000000000000e+00,0.000000000000000000e+00,4.859279126985822650e-01,0.000000000000000000e+00,0.000000000000000000e+00,0.000000000000000000e+00,6.089119237478424207e-01,6.265027586342780674e-01,1.000000000000000000e+00,0.000000000000000000e+00,0.000000000000000000e+00,0.000000000000000000e+00,6.335754191974094507e-01,4.555082371874584757e-01,5.282544086644879178e-01,5.223039427841416060e-01,5.845408215252724249e-01,4.697677598113010333e-01,5.075315007747277507e-01,0.000000000000000000e+00,0.000000000000000000e+00,0.000000000000000000e+00,0.000000000000000000e+00,0.000000000000000000e+00,0.000000000000000000e+00,0.000000000000000000e+00,0.000000000000000000e+00,0.000000000000000000e+00,0.000000000000000000e+00,0.000000000000000000e+00,0.000000000000000000e+00,0.000000000000000000e+00,0.000000000000000000e+00,0.000000000000000000e+00,0.000000000000000000e+00,0.000000000000000000e+00,0.000000000000000000e+00,5.352792553670268072e-01,5.433287831502850995e-01,5.504965170223303783e-01,0.000000000000000000e+00,0.000000000000000000e+00,0.000000000000000000e+00,0.000000000000000000e+00
7.835681682499251455e-01,8.442990291179401918e-01,7.825624906246880785e-01,8.817054614029066206e-01,8.212488360463578996e-01,8.114114981668819615e-01,7.706522139350260314e-01,0.000000000000000000e+00,0.000000000000000000e+00,7.750334311364407425e-01,0.000000000000000000e+00,0.000000000000000000e+00,0.000000000000000000e+00,0.000000000000000000e+00,9.999999999999997780e-01,0.000000000000000000e+00,0.000000000000000000e+00,0.000000000000000000e+00,0.000000000000000000e+00,0.000000000000000000e+00,0.000000000000000000e+00,0.000000000000000000e+00,0.000000000000000000e+00,0.000000000000000000e+00,0.000000000000000000e+00,0.000000000000000000e+00,0.000000000000000000e+00,9.535989666071014170e-01,0.000000000000000000e+00,8.046830854274006350e-01,8.710855942028653542e-01,7.651512821348877003e-01,0.000000000000000000e+00,0.000000000000000000e+00,8.085109394730887189e-01,7.958352316437300455e-01,0.000000000000000000e+00,0.000000000000000000e+00,0.000000000000000000e+00,0.000000000000000000e+00,0.000000000000000000e+00,0.000000000000000000e+00,0.000000000000000000e+00,0.000000000000000000e+00,0.000000000000000000e+00,0.000000000000000000e+00,0.000000000000000000e+00,0.000000000000000000e+00,0.000000000000000000e+00
7.210820042863357315e-01,7.673461872123547023e-01,7.149676366883663814e-01,6.935062968717260468e-01,7.761605843397861859e-01,7.136380212112128918e-01,7.583134328520065859e-01,7.634703892219782961e-01,7.653390090757197228e-01,7.606506629032280253e-01,7.595700472686610638e-01,0.000000000000000000e+00,0.000000000000000000e+00,0.000000000000000000e+00,0.000000000000000000e+00,9.999999999999995559e-01,0.000000000000000000e+00,0.000000000000000000e+00,0.000000000000000000e+00,0.000000000000000000e+00,0.000000000000000000e+00,0.000000000000000000e+00,0.000000000000000000e+00,0.000000000000000000e+00,0.000000000000000000e+00,0.000000000000000000e+00,0.000000000000000000e+00,6.665217733807473621e-01,0.000000000000000000e+00,0.000000000000000000e+00,0.000000000000000000e+00,6.316376739987170641e-01,0.000000000000000000e+00,0.000000000000000000e+00,6.266035784149175392e-01,0.000000000000000000e+00,0.000000000000000000e+00,0.000000000000000000e+00,0.000000000000000000e+00,0.000000000000000000e+00,0.000000000000000000e+00,0.000000000000000000e+00,0.000000000000000000e+00,0.000000000000000000e+00,0.000000000000000000e+00,0.000000000000000000e+00,0.000000000000000000e+00,0.000000000000000000e+00,0.000000000000000000e+00
4.850505269890539317e-01,4.792986364974514135e-01,4.854303788626848082e-01,4.211615360249632012e-01,5.210295132203157653e-01,5.157261467753585515e-01,5.504045333035753051e-01,5.416832195793006566e-01,5.241082964136709599e-01,5.646337235186166259e-01,5.443458682528240500e-01,4.416265853008891629e-01,5.238108421202003484e-01,0.000000000000000000e+00,0.000000000000000000e+00,5.346671779271141567e-01,9.999999999999995559e-01,0.000000000000000000e+00,0.000000000000000000e+00,0.000000000000000000e+00,0.000000000000000000e+00,0.000000000000000000e+00,0.000000000000000000e+00,0.000000000000000000e+00,0.000000000000000000e+00,0.000000000000000000e+00,0.000000000000000000e+00,0.000000000000000000e+00,0.000000000000000000e+00,0.000000000000000000e+00,0.000000000000000000e+00,0.000000000000000000e+00,0.000000000000000000e+00,0.000000000000000000e+00,0.000000000000000000e+00,0.000000000000000000e+00,0.000000000000000000e+00,0.000000000000000000e+00,0.000000000000000000e+00,0.000000000000000000e+00,0.000000000000000000e+00,0.000000000000000000e+00,0.000000000000000000e+00,0.000000000000000000e+00,0.000000000000000000e+00,0.000000000000000000e+00,0.000000000000000000e+00,0.000000000000000000e+00,0.000000000000000000e+00
0.000000000000000000e+00,0.000000000000000000e+00,0.000000000000000000e+00,0.000000000000000000e+00,0.000000000000000000e+00,0.000000000000000000e+00,0.000000000000000000e+00,0.000000000000000000e+00,0.000000000000000000e+00,0.000000000000000000e+00,0.000000000000000000e+00,0.000000000000000000e+00,0.000000000000000000e+00,6.335754191974094507e-01,0.000000000000000000e+00,0.000000000000000000e+00,0.000000000000000000e+00,1.000000000000000000e+00,8.230721371505104189e-01,8.839915588259912305e-01,9.205941238703209129e-01,9.065362522992529426e-01,6.510111849460801237e-01,8.751627272383355471e-01,7.780545046630134021e-01,0.000000000000000000e+00,0.000000000000000000e+00,0.000000000000000000e+00,7.440396436457094032e-01,0.000000000000000000e+00,0.000000000000000000e+00,0.000000000000000000e+00,6.652501354030354586e-01,0.000000000000000000e+00,0.000000000000000000e+00,0.000000000000000000e+00,0.000000000000000000e+00,0.000000000000000000e+00,0.000000000000000000e+00,0.000000000000000000e+00,0.000000000000000000e+00,0.000000000000000000e+00,8.812917476057674504e-01,8.238655459717293406e-01,8.385119791365126529e-01,0.000000000000000000e+00,0.000000000000000000e+00,0.000000000000000000e+00,6.730979796492846390e-01
0.000000000000000000e+00,0.000000000000000000e+00,0.000000000000000000e+00,0.000000000000000000e+00,0.000000000000000000e+00,0.000000000000000000e+00,0.000000000000000000e+00,0.000000000000000000e+00,0.000000000000000000e+00,0.000000000000000000e+00,0.000000000000000000e+00,0.000000000000000000e+00,0.000000000000000000e+00,0.000000000000000000e+00,0.000000000000000000e+00,0.000000000000000000e+00,0.000000000000000000e+00,8.230721371505104189e-01,9.999999999999995559e-01,9.440502593332921188e-01,9.560520441981195106e-01,8.016292829326475688e-01,0.000000000000000000e+00,9.665469277216758304e-01,9.488472616493970335e-01,0.000000000000000000e+00,0.000000000000000000e+00,0.000000000000000000e+00,9.043352343955827211e-01,0.000000000000000000e+00,0.000000000000000000e+00,0.000000000000000000e+00,7.461282380044559348e-01,0.000000000000000000e+00,0.000000000000000000e+00,0.000000000000000000e+00,0.000000000000000000e+00,0.000000000000000000e+00,4.730766260101759713e-01,0.000000000000000000e+00,0.000000000000000000e+00,0.000000000000000000e+00,8.533551055755353998e-01,6.396368620417310913e-01,6.307081589014049694e-01,5.799243466967740623e-01,0.000000000000000000e+00,0.000000000000000000e+00,5.023195274702874080e-01
0.000000000000000000e+00,0.000000000000000000e+00,0.000000000000000000e+00,0.000000000000000000e+00,0.000000000000000000e+00,0.000000000000000000e+00,0.000000000000000000e+00,0.000000000000000000e+00,0.000000000000000000e+00,0.000000000000000000e+00,0.000000000000000000e+00,0.000000000000000000e+00,0.000000000000000000e+00,0.000000000000000000e+00,0.000000000000000000e+00,0.000000000000000000e+00,0.000000000000000000e+00,8.839915588259912305e-01,9.440502593332921188e-01,1.000000000000000000e+00,9.658498230914064342e-01,8.544635428086513329e-01,5.938750950581797028e-01,9.436909282312893055e-01,9.410959343316541714e-01,0.000000000000000000e+00,0.000000000000000000e+00,0.000000000000000000e+00,8.809297146645213017e-01,0.000000000000000000e+00,0.000000000000000000e+00,0.000000000000000000e+00,6.819677569245855553e-01,0.000000000000000000e+00,0.000000000000000000e+00,0.000000000000000000e+00,0.000000000000000000e+00,0.000000000000000000e+00,0.000000000000000000e+00,0.000000000000000000e+00,0.000000000000000000e+00,0.000000000000000000e+00,8.552137247965253541e-01,6.605337715622847661e-01,6.721298205725856345e-01,5.668742212282595894e-01,0.000000000000000000e+00,0.000000000000000000e+00,5.624825443062816399e-01
0.000000000000000000e+00,0.000000000000000000e+00,0.000000000000000000e+00,0.000000000000000000e+00,0.000000000000000000e+00,0.000000000000000000e+00,0.000000000000000000e+00,0.000000000000000000e+00,0.000000000000000000e+00,0.000000000000000000e+00,0.000000000000000000e+00,0.000000000000000000e+00,0.000000000000000000e+00,0.000000000000000000e+00,0.000000000000000000e+00,0.000000000000000000e+00,0.000000000000000000e+00,9.205941238703209129e-01,9.560520441981195106e-01,9.658498230914064342e-01,1.000000000000000000e+00,8.647296239674902019e-01,5.438895374237467939e-01,9.570152752152502051e-01,9.262617221725674144e-01,0.000000000000000000e+00,0.000000000000000000e+00,0.000000000000000000e+00,8.916966918474521497e-01,0.000000000000000000e+00,0.000000000000000000e+00,0.000000000000000000e+00,6.885348497001468893e-01,0.000000000000000000e+00,0.000000000000000000e+00,0.000000000000000000e+00,0.000000000000000000e+00,0.000000000000000000e+00,0.000000000000000000e+00,0.000000000000000000e+00,0.000000000000000000e+00,0.000000000000000000e+00,8.954619760084127078e-01,7.111466935187170657e-01,7.198001323884871683e-01,5.859065852478411163e-01,0.000000000000000000e+00,0.000000000000000000e+00,5.691770246008197587e-01
0.000000000000000000e+00,0.000000000000000000e+00,0.000000000000000000e+00,0.000000000000000000e+00,0.000000000000000000e+00,0.000000000000000000e+00,0.000000000000000000e+00,0.000000000000000000e+00,0.000000000000000000e+00,0.000000000000000000e+00,0.000000000000000000e+00,0.000000000000000000e+00,0.000000000000000000e+00,5.845408215252724249e-01,0.000000000000000000e+00,0.000000000000000000e+00,0.000000000000000000e+00,9.065362522992529426e-01,8.016292829326475688e-01,8.544635428086513329e-01,8.647296239674902019e-01,9.999999999999995559e-01,6.110464131595911841e-01,8.572942099383571435e-01,7.923752575460260017e-01,0.000000000000000000e+00,0.000000000000000000e+00,0.000000000000000000e+00,7.654069488698059809e-01,0.000000000000000000e+00,0.000000000000000000e+00,0.000000000000000000e+00,6.899627329596605962e-01,0.000000000000000000e+00,0.000000000000000000e+00,0.000000000000000000e+00,0.000000000000000000e+00,0.000000000000000000e+00,0.000000000000000000e+00,0.000000000000000000e+00,0.000000000000000000e+00,0.000000000000000000e+00,8.021549685022505427e-01,7.166118725209293938e-01,7.237441765214369660e-01,0.000000000000000000e+00,0.000000000000000000e+00,0.000000000000000000e+00,6.313921813981393516e-01
4.709111528931334556e-01,0.000000000000000000e+00,0.000000000000000000e+00,4.825738905960332836e-01,0.000000000000000000e+00,0.000000000000000000e+00,0.000000000000000000e+00,0.000000000000000000e+00,0.000000000000000000e+00,0.000000000000000000e+00,0.000000000000000000e+00,0.000000000000000000e+00,0.000000000000000000e+00,0.000000000000000000e+00,0.000000000000000000e+00,0.000000000000000000e+00,0.000000000000000000e+00,6.510111849460801237e-01,0.000000000000000000e+00,5.938750950581797028e-01,5.438895374237467939e-01,6.110464131595911841e-01,1.000000000000000000e+00,5.340001823105313683e-01,4.765869830938551654e-01,0.000000000000000000e+00,5.031163369873485891e-01,0.000000000000000000e+00,0.000000000000000000e+00,0.000000000000000000e+00,0.000000000000000000e+00,4.767100803347483762e-01,0.000000000000000000e+00,0.000000000000000000e+00,0.000000000000000000e+00,0.000000000000000000e+00,0.000000000000000000e+00,0.000000000000000000e+00,0.000000000000000000e+00,0.000000000000000000e+00,0.000000000000000000e+00,0.000000000000000000e+00,5.204345762739199799e-01,5.273851595362090139e-01,5.435268319256367775e-01,0.000000000000000000e+00,0.000000000000000000e+00,0.000000000000000000e+00,4.762564635029412630e-01
0.000000000000000000e+00,0.000000000000000000e+00,0.000000000000000000e+00,0.000000000000000000e+00,0.000000000000000000e+00,0.000000000000000000e+00,0.000000000000000000e+00,0.000000000000000000e+00,0.000000000000000000e+00,0.000000000000000000e+00,0.000000000000000000e+00,0.000000000000000000e+00,0.000000000000000000e+00,0.000000000000000000e+00,0.000000000000000000e+00,0.000000000000000000e+00,0.000000000000000000e+00,8.751627272383355471e-01,9.665469277216758304e-01,9.436909282312893055e-01,9.570152752152502051e-01,8.572942099383571435e-01,5.340001823105313683e-01,1.000000000000000000e+00,9.330658413487393776e-01,5.756258354768959418e-01,0.000000000000000000e+00,0.000000000000000000e+00,9.083174243013775184e-01,0.000000000000000000e+00,0.000000000000000000e+00,0.000000000000000000e+00,8.243321658322975143e-01,0.000000000000000000e+00,0.000000000000000000e+00,0.000000000000000000e+00,0.000000000000000000e+00,0.000000000000000000e+00,0.000000000000000000e+00,0.000000000000000000e+00,0.000000000000000000e+00,0.000000000000000000e+00,8.405736920597444151e-01,6.327055634064200351e-01,6.443765737467326282e-01,5.552879036006727054e-01,0.000000000000000000e+00,0.000000000000000000e+00,0.000000000000000000e+00
0.000000000000000000e+00,0.000000000000000000e+00,0.000000000000000000e+00,0.000000000000000000e+00,0.000000000000000000e+00,0.000000000000000000e+00,0.000000000000000000e+00,0.000000000000000000e+00,0.000000000000000000e+00,0.000000000000000000e+00,0.000000000000000000e+00,0.000000000000000000e+00,0.000000000000000000e+00,0.000000000000000000e+00,0.000000000000000000e+00,0.000000000000000000e+00,0.000000000000000000e+00,7.780545046630134021e-01,9.488472616493970335e-01,9.410959343316541714e-01,9.262617221725674144e-01,7.923752575460260017e-01,4.765869830938551654e-01,9.330658413487393776e-01,9.999999999999995559e-01,5.880722464272840622e-01,0.000000000000000000e+00,0.000000000000000000e+00,9.426988207350308624e-01,0.000000000000000000e+00,0.000000000000000000e+00,0.000000000000000000e+00,6.765839387564500651e-01,0.000000000000000000e+00,0.000000000000000000e+00,0.000000000000000000e+00,0.000000000000000000e+00,0.000000000000000000e+00,0.000000000000000000e+00,0.000000000000000000e+00,0.000000000000000000e+00,0.000000000000000000e+00,7.724188058698755466e-01,4.976133196048897478e-01,4.976736268551771314e-01,5.233258953592132556e-01,0.000000000000000000e+00,0.000000000000000000e+00,0.000000000000000000e+00
0.000000000000000000e+00,0.000000000000000000e+00,0.000000000000000000e+00,5.008800610167407630e-01,0.000000000000000000e+00,0.000000000000000000e+00,0.000000000000000000e+00,0.000000000000000000e+00,0.000000000000000000e+00,0.000000000000000000e+00,0.000000000000000000e+00,0.000000000000000000e+00,0.000000000000000000e+00,4.286588500584542771e-01,0.000000000000000000e+00,0.000000000000000000e+00,0.000000000000000000e+00,5.333392673673938988e-01,4.678101456798037239e-01,5.562548787761859570e-01,5.217168562223957196e-01,5.687282788561377478e-01,3.963595633726652023e-01,5.756258354768959418e-01,5.880722464272840622e-01,1.000000000000000000e+00,5.091521127178942896e-01,0.000000000000000000e+00,6.849245317380279197e-01,0.000000000000000000e+00,0.000000000000000000e+00,0.000000000000000000e+00,5.919093254026516204e-01,0.000000000000000000e+00,0.000000000000000000e+00,0.000000000000000000e+00,0.000000000000000000e+00,0.000000000000000000e+00,0.000000000000000000e+00,0.000000000000000000e+00,0.000000000000000000e+00,3.888570526491320622e-01,0.000000000000000000e+00,0.000000000000000000e+00,0.000000000000000000e+00,0.000000000000000000e+00,0.000000000000000000e+00,0.000000000000000000e+00,0.000000000000000000e+00
5.610348274827534620e-01,5.544495116513958877e-01,5.381191856460544320e-01,6.989487706102036624e-01,5.511993569790859526e-01,5.701639145934737085e-01,0.000000000000000000e+00,0.000000000000000000e+00,0.000000000000000000e+00,5.402217812344152215e-01,0.000000000000000000e+00,0.000000000000000000e+00,0.000000000000000000e+00,0.000000000000000000e+00,6.547912902835030247e-01,0.000000000000000000e+00,0.000000000000000000e+00,0.000000000000000000e+00,0.000000000000000000e+00,0.000000000000000000e+00,0.000000000000000000e+00,0.000000000000000000e+00,0.000000000000000000e+00,0.000000000000000000e+00,0.000000000000000000e+00,0.000000000000000000e+00,1.000000000000000000e+00,6.264827947746164361e-01,0.000000000000000000e+00,5.428317805281080988e-01,6.178207288278165787e-01,5.550923631100707079e-01,0.000000000000000000e+00,0.000000000000000000e+00,5.720076280020953696e-01,6.006946034286883007e-01,0.000000000000000000e+00,0.000000000000000000e+00,0.000000000000000000e+00,0.000000000000000000e+00,0.000000000000000000e+00,0.000000000000000000e+00,0.000000000000000000e+00,0.000000000000000000e+00,0.000000000000000000e+00,0.000000000000000000e+00,0.000000000000000000e+00,0.000000000000000000e+00,0.000000000000000000e+00
8.230198112932219923e-01,8.677133197249589092e-01,8.163120441548706863e-01,8.591040533775107235e-01,8.481997952060007506e-01,8.729625486614859264e-01,8.231027046100659605e-01,0.000000000000000000e+00,0.000000000000000000e+00,8.190623190158115019e-01,8.149302821079047465e-01,0.000000000000000000e+00,0.000000000000000000e+00,0.000000000000000000e+00,9.535989666071014170e-01,0.000000000000000000e+00,0.000000000000000000e+00,0.000000000000000000e+00,0.000000000000000000e+00,0.000000000000000000e+00,0.000000000000000000e+00,0.000000000000000000e+00,0.000000000000000000e+00,0.000000000000000000e+00,0.000000000000000000e+00,0.000000000000000000e+00,0.000000000000000000e+00,9.999999999999994449e-01,0.000000000000000000e+00,0.000000000000000000e+00,9.095578433544386776e-01,8.277769714521183708e-01,0.000000000000000000e+00,0.000000000000000000e+00,8.445771852503713983e-01,8.495591818507054471e-01,0.000000000000000000e+00,0.000000000000000000e+00,0.000000000000000000e+00,0.000000000000000000e+00,0.000000000000000000e+00,0.000000000000000000e+00,0.000000000000000000e+00,0.000000000000000000e+00,0.000000000000000000e+00,0.000000000000000000e+00,0.000000000000000000e+00,0.000000000000000000e+00,0.000000000000000000e+00
0.000000000000000000e+00,0.000000000000000000e+00,0.000000000000000000e+00,0.000000000000000000e+00,0.000000000000000000e+00,0.000000000000000000e+00,0.000000000000000000e+00,0.000000000000000000e+00,0.000000000000000000e+00,0.000000000000000000e+00,0.000000000000000000e+00,0.000000000000000000e+00,0.000000000000000000e+00,0.000000000000000000e+00,0.000000000000000000e+00,0.000000000000000000e+00,0.000000000000000000e+00,7.440396436457094032e-01,9.043352343955827211e-01,8.809297146645213017e-01,8.916966918474521497e-01,7.654069488698059809e-01,0.000000000000000000e+00,9.083174243013775184e-01,9.426988207350308624e-01,6.849245317380279197e-01,0.000000000000000000e+00,0.000000000000000000e+00,1.000000000000000000e+00,0.000000000000000000e+00,0.000000000000000000e+00,0.000000000000000000e+00,7.003679281655825761e-01,0.000000000000000000e+00,0.000000000000000000e+00,0.000000000000000000e+00,0.000000000000000000e+00,0.000000000000000000e+00,4.437428335544373326e-01,0.000000000000000000e+00,0.000000000000000000e+00,0.000000000000000000e+00,7.136118842147551877e-01,4.305936492408592997e-01,0.000000000000000000e+00,4.715210674528306223e-01,4.321767344437330571e-01,0.000000000000000000e+00,0.000000000000000000e+00
7.491299610788026975e-01,7.593069787779366253e-01,0.000000000000000000e+00,7.324125132028430629e-01,0.000000000000000000e+00,7.337793012752747979e-01,7.301627779683950159e-01,0.000000000000000000e+00,0.000000000000000000e+00,0.000000000000000000e+00,0.000000000000000000e+00,0.000000000000000000e+00,0.000000000000000000e+00,0.000000000000000000e+00,8.046830854274006350e-01,0.000000000000000000e+00,0.000000000000000000e+00,0.000000000000000000e+00,0.000000000000000000e+00,0.000000000000000000e+00,0.000000000000000000e+00,0.000000000000000000e+00,0.000000000000000000e+00,0.000000000000000000e+00,0.000000000000000000e+00,0.000000000000000000e+00,0.000000000000000000e+00,8.096060209476176883e-01,0.000000000000000000e+00,9.999999999999996669e-01,9.237907922342390998e-01,9.030495179212322254e-01,0.000000000000000000e+00,7.442205411107107871e-01,9.466710319432121157e-01,9.345371613045977410e-01,9.416270588855607526e-01,8.408007348949170234e-01,0.000000000000000000e+00,0.000000000000000000e+00,0.000000000000000000e+00,0.000000000000000000e+00,0.000000000000000000e+00,0.000000000000000000e+00,0.000000000000000000e+00,0.000000000000000000e+00,0.000000000000000000e+00,0.000000000000000000e+00,0.000000000000000000e+00
0.000000000000000000e+00,8.216187701840853563e-01,0.000000000000000000e+00,8.146200716085391091e-01,0.000000000000000000e+00,8.254814075000564966e-01,8.137658456914301786e-01,0.000000000000000000e+00,0.000000000000000000e+00,7.991121637967234514e-01,8.082627288846118141e-01,0.000000000000000000e+00,0.000000000000000000e+00,0.000000000000000000e+00,8.710855942028653542e-01,0.000000000000000000e+00,0.000000000000000000e+00,0.000000000000000000e+00,0.000000000000000000e+00,0.000000000000000000e+00,0.000000000000000000e+00,0.000000000000000000e+00,0.000000000000000000e+00,0.000000000000000000e+00,0.000000000000000000e+00,0.000000000000000000e+00,0.000000000000000000e+00,9.095578433544386776e-01,0.000000000000000000e+00,9.237907922342390998e-01,9.999999999999998890e-01,9.220935518669534092e-01,0.000000000000000000e+00,0.000000000000000000e+00,9.534584195039316201e-01,9.585576712295722501e-01,9.209183207571723928e-01,8.706312974799047533e-01,0.000000000000000000e+00,0.000000000000000000e+00,0.000000000000000000e+00,0.000000000000000000e+00,0.000000000000000000e+00,0.000000000000000000e+00,0.000000000000000000e+00,0.000000000000000000e+00,0.000000000000000000e+00,0.000000000000000000e+00,0.000000000000000000e+00
8.182624007757816065e-01,8.125683743504156231e-01,0.000000000000000000e+00,0.000000000000000000e+00,7.777138890380822511e-01,8.121818962144894405e-01,8.334544858012142843e-01,0.000000000000000000e+00,0.000000000000000000e+00,8.325159971137339188e-01,8.742401705350074659e-01,0.000000000000000000e+00,0.000000000000000000e+00,0.000000000000000000e+00,0.000000000000000000e+00,0.000000000000000000e+00,0.000000000000000000e+00,0.000000000000000000e+00,0.000000000000000000e+00,0.000000000000000000e+00,0.000000000000000000e+00,0.000000000000000000e+00,0.000000000000000000e+00,0.000000000000000000e+00,0.000000000000000000e+00,0.000000000000000000e+00,0.000000000000000000e+00,8.277769714521183708e-01,0.000000000000000000e+00,9.030495179212322254e-01,9.220935518669534092e-01,9.999999999999993339e-01,0.000000000000000000e+00,0.000000000000000000e+00,9.557576753889673871e-01,9.378241329974911222e-01,9.195337344264820079e-01,7.857839967369657508e-01,0.000000000000000000e+00,0.000000000000000000e+00,0.000000000000000000e+00,0.000000000000000000e+00,0.000000000000000000e+00,0.000000000000000000e+00,0.000000000000000000e+00,0.000000000000000000e+00,0.000000000000000000e+00,0.000000000000000000e+00,0.000000000000000000e+00
0.000000000000000000e+00,0.000000000000000000e+00,0.000000000000000000e+00,0.000000000000000000e+00,0.000000000000000000e+00,0.000000000000000000e+00,0.000000000000000000e+00,0.000000000000000000e+00,0.000000000000000000e+00,0.000000000000000000e+00,0.000000000000000000e+00,0.000000000000000000e+00,0.000000000000000000e+00,0.000000000000000000e+00,0.000000000000000000e+00,0.000000000000000000e+00,0.000000000000000000e+00,6.652501354030354586e-01,7.461282380044559348e-01,6.819677569245855553e-01,6.885348497001468893e-01,6.899627329596605962e-01,4.686712930387352261e-01,8.243321658322975143e-01,6.765839387564500651e-01,5.919093254026516204e-01,0.000000000000000000e+00,0.000000000000000000e+00,7.003679281655825761e-01,0.000000000000000000e+00,0.000000000000000000e+00,0.000000000000000000e+00,9.999999999999996669e-01,0.000000000000000000e+00,0.000000000000000000e+00,0.000000000000000000e+00,0.000000000000000000e+00,0.000000000000000000e+00,4.734585867037603979e-01,0.000000000000000000e+00,0.000000000000000000e+00,5.487366881816128084e-01,6.030275606643246133e-01,0.000000000000000000e+00,0.000000000000000000e+00,4.613860540643305308e-01,0.000000000000000000e+00,0.000000000000000000e+00,0.000000000000000000e+00
0.000000000000000000e+00,0.000000000000000000e+00,0.000000000000000000e+00,0.000000000000000000e+00,0.000000000000000000e+00,0.000000000000000000e+00,0.000000000000000000e+00,0.000000000000000000e+00,0.000000000000000000e+00,0.000000000000000000e+00,0.000000000000000000e+00,0.000000000000000000e+00,0.000000000000000000e+00,0.000000000000000000e+00,0.000000000000000000e+00,0.000000000000000000e+00,0.000000000000000000e+00,0.000000000000000000e+00,0.000000000000000000e+00,0.000000000000000000e+00,0.000000000000000000e+00,0.000000000000000000e+00,0.000000000000000000e+00,0.000000000000000000e+00,0.000000000000000000e+00,0.000000000000000000e+00,0.000000000000000000e+00,4.373375984499594527e-01,0.000000000000000000e+00,7.442205411107107871e-01,6.804176288029942787e-01,6.194826838892442122e-01,0.000000000000000000e+00,9.999999999999996669e-01,7.012577928066059396e-01,7.254489418483408558e-01,7.700977204816451538e-01,7.733422814057476780e-01,7.367810880899577919e-01,6.351266889802119620e-01,0.000000000000000000e+00,7.425678169004312767e-01,0.000000000000000000e+00,0.000000000000000000e+00,0.000000000000000000e+00,6.190592723914866147e-01,6.726637171115122937e-01,5.961051539198638505e-01,0.000000000000000000e+00
8.042638279569063187e-01,8.104459333313343006e-01,0.000000000000000000e+00,0.000000000000000000e+00,0.000000000000000000e+00,7.919458761110330647e-01,8.176501372741719065e-01,0.000000000000000000e+00,0.000000000000000000e+00,8.112927865879164813e-01,8.160819781041670495e-01,0.000000000000000000e+00,0.000000000000000000e+00,0.000000000000000000e+00,8.085109394730887189e-01,0.000000000000000000e+00,0.000000000000000000e+00,0.000000000000000000e+00,0.000000000000000000e+00,0.000000000000000000e+00,0.000000000000000000e+00,0.000000000000000000e+00,0.000000000000000000e+00,0.000000000000000000e+00,0.000000000000000000e+00,0.000000000000000000e+00,0.000000000000000000e+00,8.445771852503713983e-01,0.000000000000000000e+00,9.466710319432121157e-01,9.534584195039316201e-01,9.557576753889673871e-01,0.000000000000000000e+00,0.000000000000000000e+00,9.999999999999996669e-01,9.627660326789604373e-01,9.709471048954326777e-01,8.828098778218741449e-01,0.000000000000000000e+00,0.000000000000000000e+00,0.000000000000000000e+00,0.000000000000000000e+00,0.000000000000000000e+00,0.000000000000000000e+00,0.000000000000000000e+00,0.000000000000000000e+00,0.000000000000000000e+00,0.000000000000000000e+00,0.000000000000000000e+00
7.881184259501242684e-01,7.905774942504232294e-01,0.000000000000000000e+00,0.000000000000000000e+00,0.000000000000000000e+00,8.029342705922896117e-01,8.058095349097490478e-01,0.000000000000000000e+00,0.000000000000000000e+00,7.784945792788346974e-01,7.973990865731797051e-01,0.000000000000000000e+00,0.000000000000000000e+00,0.000000000000000000e+00,7.958352316437300455e-01,0.000000000000000000e+00,0.000000000000000000e+00,0.000000000000000000e+00,0.000000000000000000e+00,0.000000000000000000e+00,0.000000000000000000e+00,0.000000000000000000e+00,0.000000000000000000e+00,0.000000000000000000e+00,0.000000000000000000e+00,0.000000000000000000e+00,0.000000000000000000e+00,8.495591818507054471e-01,0.000000000000000000e+00,9.345371613045977410e-01,9.585576712295722501e-01,9.378241329974911222e-01,0.000000000000000000e+00,0.000000000000000000e+00,9.627660326789604373e-01,1.000000000000000000e+00,9.356543526063260119e-01,8.583922481099333091e-01,0.000000000000000000e+00,0.000000000000000000e+00,0.000000000000000000e+00,0.000000000000000000e+00,0.000000000000000000e+00,0.000000000000000000e+00,0.000000000000000000e+00,0.000000000000000000e+00,0.000000000000000000e+00,0.000000000000000000e+00,0.000000000000000000e+00
0.000000000000000000e+00,7.418224514006592774e-01,0.000000000000000000e+00,0.000000000000000000e+00,0.000000000000000000e+00,0.000000000000000000e+00,7.456788553708041389e-01,0.000000000000000000e+00,0.000000000000000000e+00,7.449237892778566295e-01,7.337173303796707957e-01,0.000000000000000000e+00,0.000000000000000000e+00,0.000000000000000000e+00,7.386288080041822912e-01,0.000000000000000000e+00,0.000000000000000000e+00,0.000000000000000000e+00,0.000000000000000000e+00,0.000000000000000000e+00,0.000000000000000000e+00,0.000000000000000000e+00,0.000000000000000000e+00,0.000000000000000000e+00,0.000000000000000000e+00,0.000000000000000000e+00,0.000000000000000000e+00,7.574402970454058304e-01,0.000000000000000000e+00,9.416270588855607526e-01,9.209183207571723928e-01,9.195337344264820079e-01,0.000000000000000000e+00,7.700977204816451538e-01,9.709471048954326777e-01,9.356543526063260119e-01,1.000000000000000000e+00,8.878363484038376274e-01,0.000000000000000000e+00,0.000000000000000000e+00,0.000000000000000000e+00,0.000000000000000000e+00,0.000000000000000000e+00,0.000000000000000000e+00,0.000000000000000000e+00,0.000000000000000000e+00,7.266740383175368523e-01,0.000000000000000000e+00,0.000000000000000000e+00
0.000000000000000000e+00,0.000000000000000000e+00,0.000000000000000000e+00,6.819958122569900194e-01,0.000000000000000000e+00,6.782139176865273900e-01,0.000000000000000000e+00,0.000000000000000000e+00,7.427385118125247043e-01,6.763830152598748757e-01,0.000000000000000000e+00,0.000000000000000000e+00,0.000000000000000000e+00,0.000000000000000000e+00,7.162643549422192946e-01,0.000000000000000000e+00,0.000000000000000000e+00,0.000000000000000000e+00,0.000000000000000000e+00,0.000000000000000000e+00,0.000000000000000000e+00,0.000000000000000000e+00,0.000000000000000000e+00,0.000000000000000000e+00,0.000000000000000000e+00,0.000000000000000000e+00,0.000000000000000000e+00,7.634882571614952651e-01,0.000000000000000000e+00,8.408007348949170234e-01,8.706312974799047533e-01,7.857839967369657508e-01,0.000000000000000000e+00,7.733422814057476780e-01,8.828098778218741449e-01,8.583922481099333091e-01,8.878363484038376274e-01,1.000000000000000000e+00,0.000000000000000000e+00,0.000000000000000000e+00,0.000000000000000000e+00,7.013559406232474647e-01,0.000000000000000000e+00,0.000000000000000000e+00,0.000000000000000000e+00,0.000000000000000000e+00,0.000000000000000000e+00,0.000000000000000000e+00,0.000000000000000000e+00
0.000000000000000000e+00,0.000000000000000000e+00,0.000000000000000000e+00,0.000000000000000000e+00,0.000000000000000000e+00,0.000000000000000000e+00,0.000000000000000000e+00,0.000000000000000000e+00,0.000000000000000000e+00,0.000000000000000000e+00,0.000000000000000000e+00,0.000000000000000000e+00,0.000000000000000000e+00,0.000000000000000000e+00,0.000000000000000000e+00,0.000000000000000000e+00,0.000000000000000000e+00,0.000000000000000000e+00,4.730766260101759713e-01,0.000000000000000000e+00,0.000000000000000000e+00,0.000000000000000000e+00,0.000000000000000000e+00,4.582423536321560409e-01,4.645351492769113078e-01,0.000000000000000000e+00,0.000000000000000000e+00,0.000000000000000000e+00,0.000000000000000000e+00,4.906695188404652797e-01,0.000000000000000000e+00,0.000000000000000000e+00,4.734585867037603979e-01,7.367810880899577919e-01,0.000000000000000000e+00,0.000000000000000000e+00,5.528618632496490326e-01,5.367719964358047546e-01,9.999999999999993339e-01,7.440892754598766867e-01,0.000000000000000000e+00,8.239366471677379566e-01,5.696128467443890564e-01,0.000000000000000000e+00,0.000000000000000000e+00,8.854840510008372689e-01,7.570160504136773660e-01,7.283900744040840980e-01,0.000000000000000000e+00
0.000000000000000000e+00,0.000000000000000000e+00,0.000000000000000000e+00,0.000000000000000000e+00,0.000000000000000000e+00,0.000000000000000000e+00,0.000000000000000000e+00,0.000000000000000000e+00,0.000000000000000000e+00,0.000000000000000000e+00,0.000000000000000000e+00,0.000000000000000000e+00,0.000000000000000000e+00,0.000000000000000000e+00,0.000000000000000000e+00,0.000000000000000000e+00,0.000000000000000000e+00,4.823808754543692512e-01,0.000000000000000000e+00,0.000000000000000000e+00,0.000000000000000000e+00,5.072786733630125777e-01,0.000000000000000000e+00,0.000000000000000000e+00,0.000000000000000000e+00,0.000000000000000000e+00,0.000000000000000000e+00,0.000000000000000000e+00,0.000000000000000000e+00,0.000000000000000000e+00,0.000000000000000000e+00,0.000000000000000000e+00,0.000000000000000000e+00,6.351266889802119620e-01,0.000000000000000000e+00,0.000000000000000000e+00,4.315650668007744439e-01,4.183862046002229107e-01,7.440892754598766867e-01,1.000000000000000000e+00,0.000000000000000000e+00,5.753653944006272836e-01,6.177452167520064430e-01,5.377958898486270289e-01,5.351780824812998327e-01,7.923993571284816406e-01,6.533300246721247539e-01,8.569225736855824449e-01,4.427485821317964643e-01
0.000000000000000000e+00,0.000000000000000000e+00,0.000000000000000000e+00,6.097962495802815575e-01,5.148943560020027288e-01,0.000000000000000000e+00,0.000000000000000000e+00,0.000000000000000000e+00,5.371857596620599473e-01,5.377210535946486125e-01,5.674807241705599470e-01,0.000000000000000000e+00,0.000000000000000000e+00,0.000000000000000000e+00,0.000000000000000000e+00,5.130167126794827892e-01,0.000000000000000000e+00,0.000000000000000000e+00,0.000000000000000000e+00,0.000000000000000000e+00,0.000000000000000000e+00,0.000000000000000000e+00,0.000000000000000000e+00,0.000000000000000000e+00,0.000000000000000000e+00,0.000000000000000000e+00,0.000000000000000000e+00,5.200580206916676218e-01,0.000000000000000000e+00,5.219015302863105887e-01,5.787130114221813448e-01,5.576641911777032723e-01,0.000000000000000000e+00,0.000000000000000000e+00,5.880791511598083554e-01,5.881511030606091373e-01,5.419098634163735939e-01,6.685064321311923186e-01,0.000000000000000000e+00,0.000000000000000000e+00,9.999999999999995559e-01,0.000000000000000000e+00,0.000000000000000000e+00,0.000000000000000000e+00,0.000000000000000000e+00,0.000000000000000000e+00,0.000000000000000000e+00,0.000000000000000000e+00,0.000000000000000000e+00
0.000000000000000000e+00,0.000000000000000000e+00,0.000000000000000000e+00,0.000000000000000000e+00,0.000000000000000000e+00,0.000000000000000000e+00,0.000000000000000000e+00,0.000000000000000000e+00,0.000000000000000000e+00,0.000000000000000000e+00,0.000000000000000000e+00,0.000000000000000000e+00,0.000000000000000000e+00,0.000000000000000000e+00,0.000000000000000000e+00,0.000000000000000000e+00,0.000000000000000000e+00,0.000000000000000000e+00,0.000000000000000000e+00,0.000000000000000000e+00,0.000000000000000000e+00,0.000000000000000000e+00,0.000000000000000000e+00,0.000000000000000000e+00,0.000000000000000000e+00,0.000000000000000000e+00,0.000000000000000000e+00,0.000000000000000000e+00,0.000000000000000000e+00,6.043783892000195168e-01,5.588182318802157322e-01,4.716035962123071856e-01,5.487366881816128084e-01,7.425678169004312767e-01,5.947330070734362373e-01,5.724544002328602055e-01,6.491802968136570762e-01,7.013559406232474647e-01,8.239366471677379566e-01,5.753653944006272836e-01,0.000000000000000000e+00,9.999999999999997780e-01,0.000000000000000000e+00,0.000000000000000000e+00,0.000000000000000000e+00,6.577558722566604343e-01,7.397177042734744967e-01,5.848610153800930522e-01,0.000000000000000000e+00
0.000000000000000000e+00,0.000000000000000000e+00,0.000000000000000000e+00,0.000000000000000000e+00,0.000000000000000000e+00,0.000000000000000000e+00,0.000000000000000000e+00,0.000000000000000000e+00,0.000000000000000000e+00,0.000000000000000000e+00,0.000000000000000000e+00,0.000000000000000000e+00,0.000000000000000000e+00,0.000000000000000000e+00,0.000000000000000000e+00,0.000000000000000000e+00,0.000000000000000000e+00,8.812917476057674504e-01,8.533551055755353998e-01,8.552137247965253541e-01,8.954619760084127078e-01,8.021549685022505427e-01,0.000000000000000000e+00,8.405736920597444151e-01,7.724188058698755466e-01,0.000000000000000000e+00,0.000000000000000000e+00,0.000000000000000000e+00,7.136118842147551877e-01,0.000000000000000000e+00,0.000000000000000000e+00,0.000000000000000000e+00,0.000000000000000000e+00,0.000000000000000000e+00,0.000000000000000000e+00,0.000000000000000000e+00,0.000000000000000000e+00,0.000000000000000000e+00,0.000000000000000000e+00,6.177452167520064430e-01,0.000000000000000000e+00,0.000000000000000000e+00,9.999999999999993339e-01,8.115230237934830670e-01,7.886515645320549828e-01,7.484741063429097840e-01,0.000000000000000000e+00,6.085471398770276874e-01,6.686136945750889016e-01
0.000000000000000000e+00,0.000000000000000000e+00,0.000000000000000000e+00,0.000000000000000000e+00,0.000000000000000000e+00,0.000000000000000000e+00,0.000000000000000000e+00,0.000000000000000000e+00,0.000000000000000000e+00,0.000000000000000000e+00,0.000000000000000000e+00,0.000000000000000000e+00,0.000000000000000000e+00,5.433287831502850995e-01,0.000000000000000000e+00,0.000000000000000000e+00,0.000000000000000000e+00,8.238655459717293406e-01,6.396368620417310913e-01,6.605337715622847661e-01,7.111466935187170657e-01,7.166118725209293938e-01,5.273851595362090139e-01,6.327055634064200351e-01,0.000000000000000000e+00,0.000000000000000000e+00,0.000000000000000000e+00,0.000000000000000000e+00,0.000000000000000000e+00,0.000000000000000000e+00,0.000000000000000000e+00,0.000000000000000000e+00,0.000000000000000000e+00,0.000000000000000000e+00,0.000000000000000000e+00,0.000000000000000000e+00,0.000000000000000000e+00,0.000000000000000000e+00,0.000000000000000000e+00,5.377958898486270289e-01,0.000000000000000000e+00,0.000000000000000000e+00,8.115230237934830670e-01,9.999999999999994449e-01,9.106330423375429417e-01,5.031795130337857191e-01,0.000000000000000000e+00,5.474427211026918760e-01,6.986173062405715006e-01
0.000000000000000000e+00,0.000000000000000000e+00,0.000000000000000000e+00,0.000000000000000000e+00,0.000000000000000000e+00,0.000000000000000000e+00,0.000000000000000000e+00,0.000000000000000000e+00,0.000000000000000000e+00,0.000000000000000000e+00,0.000000000000000000e+00,0.000000000000000000e+00,0.000000000000000000e+00,5.504965170223303783e-01,0.000000000000000000e+00,0.000000000000000000e+00,0.000000000000000000e+00,8.385119791365126529e-01,6.307081589014049694e-01,6.721298205725856345e-01,7.198001323884871683e-01,7.237441765214369660e-01,5.435268319256367775e-01,6.443765737467326282e-01,0.000000000000000000e+00,0.000000000000000000e+00,0.000000000000000000e+00,0.000000000000000000e+00,0.000000000000000000e+00,0.000000000000000000e+00,0.000000000000000000e+00,0.000000000000000000e+00,0.000000000000000000e+00,0.000000000000000000e+00,0.000000000000000000e+00,0.000000000000000000e+00,0.000000000000000000e+00,0.000000000000000000e+00,0.000000000000000000e+00,5.351780824812998327e-01,0.000000000000000000e+00,0.000000000000000000e+00,7.886515645320549828e-01,9.106330423375429417e-01,1.000000000000000000e+00,5.089532546002940583e-01,0.000000000000000000e+00,5.354160275800630142e-01,6.897336006447899459e-01
0.000000000000000000e+00,0.000000000000000000e+00,0.000000000000000000e+00,0.000000000000000000e+00,0.000000000000000000e+00,0.000000000000000000e+00,0.000000000000000000e+00,0.000000000000000000e+00,0.000000000000000000e+00,0.000000000000000000e+00,0.000000000000000000e+00,0.000000000000000000e+00,0.000000000000000000e+00,0.000000000000000000e+00,0.000000000000000000e+00,0.000000000000000000e+00,0.000000000000000000e+00,5.406644301875080938e-01,5.799243466967740623e-01,5.668742212282595894e-01,5.859065852478411163e-01,0.000000000000000000e+00,0.000000000000000000e+00,5.552879036006727054e-01,5.233258953592132556e-01,0.000000000000000000e+00,0.000000000000000000e+00,0.000000000000000000e+00,0.000000000000000000e+00,0.000000000000000000e+00,0.000000000000000000e+00,0.000000000000000000e+00,0.000000000000000000e+00,6.190592723914866147e-01,0.000000000000000000e+00,0.000000000000000000e+00,0.000000000000000000e+00,0.000000000000000000e+00,8.854840510008372689e-01,7.923993571284816406e-01,0.000000000000000000e+00,6.577558722566604343e-01,7.484741063429097840e-01,0.000000000000000000e+00,5.089532546002940583e-01,9.999999999999995559e-01,6.924406509863055836e-01,7.542786978761887307e-01,0.000000000000000000e+00
0.000000000000000000e+00,0.000000000000000000e+00,0.000000000000000000e+00,0.000000000000000000e+00,0.000000000000000000e+00,0.000000000000000000e+00,0.000000000000000000e+00,0.000000000000000000e+00,0.000000000000000000e+00,0.000000000000000000e+00,0.000000000000000000e+00,0.000000000000000000e+00,0.000000000000000000e+00,0.000000000000000000e+00,0.000000000000000000e+00,0.000000000000000000e+00,0.000000000000000000e+00,0.000000000000000000e+00,0.000000000000000000e+00,0.000000000000000000e+00,0.000000000000000000e+00,0.000000000000000000e+00,0.000000000000000000e+00,0.000000000000000000e+00,0.000000000000000000e+00,0.000000000000000000e+00,0.000000000000000000e+00,0.000000000000000000e+00,0.000000000000000000e+00,7.138781617216826136e-01,6.382087635881105170e-01,6.497077545055079950e-01,0.000000000000000000e+00,6.726637171115122937e-01,6.990537270126405689e-01,6.789709339962574086e-01,7.266740383175368523e-01,6.378758092528735713e-01,7.570160504136773660e-01,6.533300246721247539e-01,0.000000000000000000e+00,7.397177042734744967e-01,5.040993366651166374e-01,0.000000000000000000e+00,0.000000000000000000e+00,6.924406509863055836e-01,9.999999999999997780e-01,6.188030097381547190e-01,0.000000000000000000e+00
0.000000000000000000e+00,0.000000000000000000e+00,0.000000000000000000e+00,0.000000000000000000e+00,0.000000000000000000e+00,0.000000000000000000e+00,0.000000000000000000e+00,0.000000000000000000e+00,0.000000000000000000e+00,0.000000000000000000e+00,0.000000000000000000e+00,0.000000000000000000e+00,0.000000000000000000e+00,0.000000000000000000e+00,0.000000000000000000e+00,0.000000000000000000e+00,0.000000000000000000e+00,4.830655647395960539e-01,0.000000000000000000e+00,0.000000000000000000e+00,0.000000000000000000e+00,5.094802824715467526e-01,0.000000000000000000e+00,0.000000000000000000e+00,0.000000000000000000e+00,0.000000000000000000e+00,0.000000000000000000e+00,0.000000000000000000e+00,0.000000000000000000e+00,0.000000000000000000e+00,0.000000000000000000e+00,0.000000000000000000e+00,0.000000000000000000e+00,5.961051539198638505e-01,0.000000000000000000e+00,0.000000000000000000e+00,4.396749488738256328e-01,4.363481317736819243e-01,7.283900744040840980e-01,8.569225736855824449e-01,0.000000000000000000e+00,5.848610153800930522e-01,6.085471398770276874e-01,5.474427211026918760e-01,5.354160275800630142e-01,7.542786978761887307e-01,6.188030097381547190e-01,1.000000000000000000e+00,4.573194927349580885e-01
0.000000000000000000e+00,0.000000000000000000e+00,0.000000000000000000e+00,0.000000000000000000e+00,0.000000000000000000e+00,0.000000000000000000e+00,0.000000000000000000e+00,0.000000000000000000e+00,0.000000000000000000e+00,0.000000000000000000e+00,0.000000000000000000e+00,0.000000000000000000e+00,0.000000000000000000e+00,4.359665547977937816e-01,0.000000000000000000e+00,0.000000000000000000e+00,0.000000000000000000e+00,6.730979796492846390e-01,5.023195274702874080e-01,5.624825443062816399e-01,5.691770246008198697e-01,6.313921813981394626e-01,4.762564635029413740e-01,5.118823859670725840e-01,4.100288217865776241e-01,0.000000000000000000e+00,0.000000000000000000e+00,0.000000000000000000e+00,0.000000000000000000e+00,0.000000000000000000e+00,0.000000000000000000e+00,0.000000000000000000e+00,0.000000000000000000e+00,0.000000000000000000e+00,0.000000000000000000e+00,0.000000000000000000e+00,0.000000000000000000e+00,0.000000000000000000e+00,0.000000000000000000e+00,4.427485821317964643e-01,0.000000000000000000e+00,0.000000000000000000e+00,6.686136945750889016e-01,6.986173062405715006e-01,6.897336006447899459e-01,0.000000000000000000e+00,0.000000000000000000e+00,4.573194927349580885e-01,9.999999999999997780e-01
